Barcode	SKU	Length_mm	Width_mm	Height_mm	Quantity
4.02967E+12	WS6520	180	150	70	1
4.02967E+12	WT9536	165	115	70	2
